names,times,abundances,date
anc,1,15,2020-03-01
anc,2,139,2020-03-08
anc,3,160,2020-03-15
B.1.332_S13X_9,3,2,2020-03-15
anc,4,167,2020-03-22
B.1.332_S13X_9,4,0,2020-03-22
anc,5,102,2020-03-29
B.1.332_S13X_9,5,0,2020-03-29
anc,6,62,2020-04-05
B.1.332_S13X_9,6,0,2020-04-05
anc,7,37,2020-04-12
B.1.332_S13X_9,7,0,2020-04-12
anc,8,29,2020-04-19
B.1.332_S13X_9,8,0,2020-04-19
anc,9,16,2020-04-26
B.1.332_S13X_9,9,0,2020-04-26
anc,10,15,2020-05-03
B.1.332_S13X_9,10,0,2020-05-03
anc,11,4,2020-05-10
B.1.332_S13X_9,11,0,2020-05-10
anc,12,1,2020-05-17
B.1.332_S13X_9,12,0,2020-05-17
anc,13,1,2020-05-24
B.1.332_S13X_9,13,0,2020-05-24
anc,14,1,2020-05-31
B.1.332_S13X_9,14,0,2020-05-31
anc,15,1,2020-06-07
B.1.332_S13X_9,15,0,2020-06-07
anc,16,1,2020-06-14
B.1.332_S13X_9,16,0,2020-06-14
anc,17,1,2020-06-21
B.1.332_S13X_9,17,0,2020-06-21
anc,18,1,2020-06-28
B.1.332_S13X_9,18,0,2020-06-28
anc,19,2,2020-07-05
B.1.332_S13X_9,19,0,2020-07-05
anc,20,2,2020-07-12
B.1.332_S13X_9,20,0,2020-07-12
anc,21,1,2020-07-19
B.1.332_S13X_9,21,0,2020-07-19
anc,22,1,2020-07-26
B.1.332_S13X_9,22,0,2020-07-26
anc,23,1,2020-08-02
B.1.332_S13X_9,23,0,2020-08-02
anc,24,2,2020-08-09
B.1.332_S13X_9,24,0,2020-08-09
anc,25,3,2020-08-16
B.1.332_S13X_9,25,0,2020-08-16
anc,26,7,2020-08-23
B.1.332_S13X_9,26,0,2020-08-23
anc,27,4,2020-08-30
B.1.332_S13X_9,27,0,2020-08-30
anc,28,6,2020-09-06
B.1.332_S13X_9,28,0,2020-09-06
anc,29,10,2020-09-13
B.1.332_S13X_9,29,0,2020-09-13
anc,30,7,2020-09-20
B.1.332_S13X_9,30,0,2020-09-20
anc,31,40,2020-09-27
B.1.332_S13X_9,31,0,2020-09-27
B.1.2_T205I_10,31,2,2020-09-27
B.1.361_S13X_10,31,2,2020-09-27
B.1.110.3_K484E_3,31,2,2020-09-27
anc,32,20,2020-10-04
B.1.332_S13X_9,32,0,2020-10-04
B.1.2_T205I_10,32,1,2020-10-04
B.1.361_S13X_10,32,0,2020-10-04
B.1.110.3_K484E_3,32,1,2020-10-04
B.1.517_N501T_3,32,2,2020-10-04
B.1.433_T205I_12,32,2,2020-10-04
anc,33,16,2020-10-11
B.1.332_S13X_9,33,0,2020-10-11
B.1.2_T205I_10,33,1,2020-10-11
B.1.361_S13X_10,33,0,2020-10-11
B.1.110.3_K484E_3,33,1,2020-10-11
B.1.517_N501T_3,33,2,2020-10-11
B.1.433_T205I_12,33,1,2020-10-11
2lin_T205I_1,33,2,2020-10-11
B.1.1.70_S13X_7,33,2,2020-10-11
B.1.351_T205I_8,33,2,2020-10-11
anc,34,10,2020-10-18
B.1.332_S13X_9,34,0,2020-10-18
B.1.2_T205I_10,34,1,2020-10-18
B.1.361_S13X_10,34,0,2020-10-18
B.1.110.3_K484E_3,34,1,2020-10-18
B.1.517_N501T_3,34,1,2020-10-18
B.1.433_T205I_12,34,1,2020-10-18
2lin_T205I_1,34,1,2020-10-18
B.1.1.70_S13X_7,34,0,2020-10-18
B.1.351_T205I_8,34,1,2020-10-18
anc,35,43,2020-10-25
B.1.332_S13X_9,35,0,2020-10-25
B.1.2_T205I_10,35,1,2020-10-25
B.1.361_S13X_10,35,0,2020-10-25
B.1.110.3_K484E_3,35,2,2020-10-25
B.1.517_N501T_3,35,1,2020-10-25
B.1.433_T205I_12,35,1,2020-10-25
2lin_T205I_1,35,1,2020-10-25
B.1.1.70_S13X_7,35,0,2020-10-25
B.1.351_T205I_8,35,1,2020-10-25
B.1.280_T205I_5,35,3,2020-10-25
B.1.3_D253G_10,35,2,2020-10-25
anc,36,57,2020-11-01
B.1.332_S13X_9,36,0,2020-11-01
B.1.2_T205I_10,36,1,2020-11-01
B.1.361_S13X_10,36,0,2020-11-01
B.1.110.3_K484E_3,36,1,2020-11-01
B.1.517_N501T_3,36,1,2020-11-01
B.1.433_T205I_12,36,1,2020-11-01
2lin_T205I_1,36,1,2020-11-01
B.1.1.70_S13X_7,36,0,2020-11-01
B.1.351_T205I_8,36,1,2020-11-01
B.1.280_T205I_5,36,1,2020-11-01
B.1.3_D253G_10,36,1,2020-11-01
anc,37,77,2020-11-08
B.1.332_S13X_9,37,0,2020-11-08
B.1.2_T205I_10,37,1,2020-11-08
B.1.361_S13X_10,37,0,2020-11-08
B.1.110.3_K484E_3,37,1,2020-11-08
B.1.517_N501T_3,37,5,2020-11-08
B.1.433_T205I_12,37,1,2020-11-08
2lin_T205I_1,37,1,2020-11-08
B.1.1.70_S13X_7,37,0,2020-11-08
B.1.351_T205I_8,37,1,2020-11-08
B.1.280_T205I_5,37,2,2020-11-08
B.1.3_D253G_10,37,1,2020-11-08
B.1.160_S477N_1,37,2,2020-11-08
P.2_E484K_12,37,2,2020-11-08
anc,38,64,2020-11-15
B.1.332_S13X_9,38,0,2020-11-15
B.1.2_T205I_10,38,1,2020-11-15
B.1.361_S13X_10,38,0,2020-11-15
B.1.110.3_K484E_3,38,3,2020-11-15
B.1.517_N501T_3,38,5,2020-11-15
B.1.433_T205I_12,38,1,2020-11-15
2lin_T205I_1,38,1,2020-11-15
B.1.1.70_S13X_7,38,0,2020-11-15
B.1.351_T205I_8,38,1,2020-11-15
B.1.280_T205I_5,38,3,2020-11-15
B.1.3_D253G_10,38,2,2020-11-15
B.1.160_S477N_1,38,2,2020-11-15
P.2_E484K_12,38,1,2020-11-15
B.1.240_S13X_3,38,2,2020-11-15
B.1_T205I_11,38,2,2020-11-15
anc,39,51,2020-11-22
B.1.332_S13X_9,39,0,2020-11-22
B.1.2_T205I_10,39,1,2020-11-22
B.1.361_S13X_10,39,0,2020-11-22
B.1.110.3_K484E_3,39,1,2020-11-22
B.1.517_N501T_3,39,1,2020-11-22
B.1.433_T205I_12,39,1,2020-11-22
2lin_T205I_1,39,1,2020-11-22
B.1.1.70_S13X_7,39,0,2020-11-22
B.1.351_T205I_8,39,1,2020-11-22
B.1.280_T205I_5,39,1,2020-11-22
B.1.3_D253G_10,39,0,2020-11-22
B.1.160_S477N_1,39,1,2020-11-22
P.2_E484K_12,39,1,2020-11-22
B.1.240_S13X_3,39,2,2020-11-22
B.1_T205I_11,39,1,2020-11-22
B.1.429_S13I_3,39,2,2020-11-22
B.1_T205I_16,39,2,2020-11-22
B.1.526_D253G_37,39,2,2020-11-22
anc,40,91,2020-11-29
B.1.332_S13X_9,40,0,2020-11-29
B.1.2_T205I_10,40,1,2020-11-29
B.1.361_S13X_10,40,0,2020-11-29
B.1.110.3_K484E_3,40,3,2020-11-29
B.1.517_N501T_3,40,4,2020-11-29
B.1.433_T205I_12,40,3,2020-11-29
2lin_T205I_1,40,1,2020-11-29
B.1.1.70_S13X_7,40,0,2020-11-29
B.1.351_T205I_8,40,1,2020-11-29
B.1.280_T205I_5,40,1,2020-11-29
B.1.3_D253G_10,40,0,2020-11-29
B.1.160_S477N_1,40,1,2020-11-29
P.2_E484K_12,40,1,2020-11-29
B.1.240_S13X_3,40,0,2020-11-29
B.1_T205I_11,40,1,2020-11-29
B.1.429_S13I_3,40,3,2020-11-29
B.1_T205I_16,40,2,2020-11-29
B.1.526_D253G_37,40,1,2020-11-29
B.1.1.247_N501T_2,40,2,2020-11-29
B.1_T205I_23,40,5,2020-11-29
anc,41,109,2020-12-06
B.1.332_S13X_9,41,0,2020-12-06
B.1.2_T205I_10,41,1,2020-12-06
B.1.361_S13X_10,41,0,2020-12-06
B.1.110.3_K484E_3,41,3,2020-12-06
B.1.517_N501T_3,41,6,2020-12-06
B.1.433_T205I_12,41,2,2020-12-06
2lin_T205I_1,41,1,2020-12-06
B.1.1.70_S13X_7,41,0,2020-12-06
B.1.351_T205I_8,41,1,2020-12-06
B.1.280_T205I_5,41,3,2020-12-06
B.1.3_D253G_10,41,0,2020-12-06
B.1.160_S477N_1,41,3,2020-12-06
P.2_E484K_12,41,1,2020-12-06
B.1.240_S13X_3,41,0,2020-12-06
B.1_T205I_11,41,3,2020-12-06
B.1.429_S13I_3,41,6,2020-12-06
B.1_T205I_16,41,1,2020-12-06
B.1.526_D253G_37,41,2,2020-12-06
B.1.1.247_N501T_2,41,2,2020-12-06
B.1_T205I_23,41,5,2020-12-06
B.1.1.64_S13X_5,41,2,2020-12-06
C.16_L452R_4,41,2,2020-12-06
B.1.526_S477N_11,41,2,2020-12-06
anc,42,87,2020-12-13
B.1.332_S13X_9,42,0,2020-12-13
B.1.2_T205I_10,42,1,2020-12-13
B.1.361_S13X_10,42,0,2020-12-13
B.1.110.3_K484E_3,42,2,2020-12-13
B.1.517_N501T_3,42,3,2020-12-13
B.1.433_T205I_12,42,4,2020-12-13
2lin_T205I_1,42,1,2020-12-13
B.1.1.70_S13X_7,42,0,2020-12-13
B.1.351_T205I_8,42,1,2020-12-13
B.1.280_T205I_5,42,2,2020-12-13
B.1.3_D253G_10,42,0,2020-12-13
B.1.160_S477N_1,42,0,2020-12-13
P.2_E484K_12,42,2,2020-12-13
B.1.240_S13X_3,42,0,2020-12-13
B.1_T205I_11,42,1,2020-12-13
B.1.429_S13I_3,42,3,2020-12-13
B.1_T205I_16,42,1,2020-12-13
B.1.526_D253G_37,42,2,2020-12-13
B.1.1.247_N501T_2,42,1,2020-12-13
B.1_T205I_23,42,2,2020-12-13
B.1.1.64_S13X_5,42,0,2020-12-13
C.16_L452R_4,42,1,2020-12-13
B.1.526_S477N_11,42,1,2020-12-13
B.1.2_S13X_12,42,2,2020-12-13
B.1.2_D253Y_2,42,2,2020-12-13
B.1_L452R_15,42,2,2020-12-13
anc,43,122,2020-12-20
B.1.332_S13X_9,43,0,2020-12-20
B.1.2_T205I_10,43,1,2020-12-20
B.1.361_S13X_10,43,0,2020-12-20
B.1.110.3_K484E_3,43,2,2020-12-20
B.1.517_N501T_3,43,7,2020-12-20
B.1.433_T205I_12,43,1,2020-12-20
2lin_T205I_1,43,1,2020-12-20
B.1.1.70_S13X_7,43,0,2020-12-20
B.1.351_T205I_8,43,1,2020-12-20
B.1.280_T205I_5,43,2,2020-12-20
B.1.3_D253G_10,43,0,2020-12-20
B.1.160_S477N_1,43,0,2020-12-20
P.2_E484K_12,43,1,2020-12-20
B.1.240_S13X_3,43,0,2020-12-20
B.1_T205I_11,43,1,2020-12-20
B.1.429_S13I_3,43,11,2020-12-20
B.1_T205I_16,43,1,2020-12-20
B.1.526_D253G_37,43,2,2020-12-20
B.1.1.247_N501T_2,43,1,2020-12-20
B.1_T205I_23,43,3,2020-12-20
B.1.1.64_S13X_5,43,0,2020-12-20
C.16_L452R_4,43,1,2020-12-20
B.1.526_S477N_11,43,1,2020-12-20
B.1.2_S13X_12,43,0,2020-12-20
B.1.2_D253Y_2,43,0,2020-12-20
B.1_L452R_15,43,1,2020-12-20
B.1.111_T205I_6,43,2,2020-12-20
B.1.177_S13X_1,43,2,2020-12-20
R.1_E484K_9,43,2,2020-12-20
B.1.2_T205X_2,43,2,2020-12-20
B.1.165_N501Y_14,43,2,2020-12-20
B.1.526_S477N_12,43,2,2020-12-20
B.1.526_E484K_45,43,4,2020-12-20
anc,44,132,2020-12-27
B.1.332_S13X_9,44,0,2020-12-27
B.1.2_T205I_10,44,1,2020-12-27
B.1.361_S13X_10,44,0,2020-12-27
B.1.110.3_K484E_3,44,4,2020-12-27
B.1.517_N501T_3,44,6,2020-12-27
B.1.433_T205I_12,44,4,2020-12-27
2lin_T205I_1,44,1,2020-12-27
B.1.1.70_S13X_7,44,0,2020-12-27
B.1.351_T205I_8,44,1,2020-12-27
B.1.280_T205I_5,44,4,2020-12-27
B.1.3_D253G_10,44,0,2020-12-27
B.1.160_S477N_1,44,0,2020-12-27
P.2_E484K_12,44,2,2020-12-27
B.1.240_S13X_3,44,0,2020-12-27
B.1_T205I_11,44,1,2020-12-27
B.1.429_S13I_3,44,1,2020-12-27
B.1_T205I_16,44,1,2020-12-27
B.1.526_D253G_37,44,2,2020-12-27
B.1.1.247_N501T_2,44,3,2020-12-27
B.1_T205I_23,44,4,2020-12-27
B.1.1.64_S13X_5,44,0,2020-12-27
C.16_L452R_4,44,1,2020-12-27
B.1.526_S477N_11,44,1,2020-12-27
B.1.2_S13X_12,44,0,2020-12-27
B.1.2_D253Y_2,44,0,2020-12-27
B.1_L452R_15,44,3,2020-12-27
B.1.111_T205I_6,44,2,2020-12-27
B.1.177_S13X_1,44,0,2020-12-27
R.1_E484K_9,44,3,2020-12-27
B.1.2_T205X_2,44,0,2020-12-27
B.1.165_N501Y_14,44,1,2020-12-27
B.1.526_S477N_12,44,2,2020-12-27
B.1.526_E484K_45,44,3,2020-12-27
B.1.1.207_E484K_4,44,2,2020-12-27
anc,45,104,2021-01-03
B.1.332_S13X_9,45,0,2021-01-03
B.1.2_T205I_10,45,1,2021-01-03
B.1.361_S13X_10,45,0,2021-01-03
B.1.110.3_K484E_3,45,1,2021-01-03
B.1.517_N501T_3,45,5,2021-01-03
B.1.433_T205I_12,45,1,2021-01-03
2lin_T205I_1,45,1,2021-01-03
B.1.1.70_S13X_7,45,0,2021-01-03
B.1.351_T205I_8,45,1,2021-01-03
B.1.280_T205I_5,45,1,2021-01-03
B.1.3_D253G_10,45,0,2021-01-03
B.1.160_S477N_1,45,0,2021-01-03
P.2_E484K_12,45,1,2021-01-03
B.1.240_S13X_3,45,0,2021-01-03
B.1_T205I_11,45,2,2021-01-03
B.1.429_S13I_3,45,3,2021-01-03
B.1_T205I_16,45,1,2021-01-03
B.1.526_D253G_37,45,2,2021-01-03
B.1.1.247_N501T_2,45,5,2021-01-03
B.1_T205I_23,45,4,2021-01-03
B.1.1.64_S13X_5,45,0,2021-01-03
C.16_L452R_4,45,1,2021-01-03
B.1.526_S477N_11,45,2,2021-01-03
B.1.2_S13X_12,45,0,2021-01-03
B.1.2_D253Y_2,45,0,2021-01-03
B.1_L452R_15,45,1,2021-01-03
B.1.111_T205I_6,45,1,2021-01-03
B.1.177_S13X_1,45,0,2021-01-03
R.1_E484K_9,45,1,2021-01-03
B.1.2_T205X_2,45,0,2021-01-03
B.1.165_N501Y_14,45,3,2021-01-03
B.1.526_S477N_12,45,1,2021-01-03
B.1.526_E484K_45,45,1,2021-01-03
B.1.1.207_E484K_4,45,1,2021-01-03
B.1.139_T205I_2,45,2,2021-01-03
B.1_S13X_2,45,2,2021-01-03
B.1.1.107_S13X_8,45,2,2021-01-03
B.1.1.7_N501Y_5,45,4,2021-01-03
B.1.2_S13X_13,45,2,2021-01-03
B.1.2_N501Y_11,45,2,2021-01-03
B.1.2_S13X_14,45,2,2021-01-03
anc,46,98,2021-01-10
B.1.332_S13X_9,46,0,2021-01-10
B.1.2_T205I_10,46,2,2021-01-10
B.1.361_S13X_10,46,0,2021-01-10
B.1.110.3_K484E_3,46,1,2021-01-10
B.1.517_N501T_3,46,4,2021-01-10
B.1.433_T205I_12,46,1,2021-01-10
2lin_T205I_1,46,2,2021-01-10
B.1.1.70_S13X_7,46,0,2021-01-10
B.1.351_T205I_8,46,1,2021-01-10
B.1.280_T205I_5,46,3,2021-01-10
B.1.3_D253G_10,46,0,2021-01-10
B.1.160_S477N_1,46,0,2021-01-10
P.2_E484K_12,46,1,2021-01-10
B.1.240_S13X_3,46,0,2021-01-10
B.1_T205I_11,46,2,2021-01-10
B.1.429_S13I_3,46,10,2021-01-10
B.1_T205I_16,46,1,2021-01-10
B.1.526_D253G_37,46,1,2021-01-10
B.1.1.247_N501T_2,46,3,2021-01-10
B.1_T205I_23,46,2,2021-01-10
B.1.1.64_S13X_5,46,0,2021-01-10
C.16_L452R_4,46,2,2021-01-10
B.1.526_S477N_11,46,2,2021-01-10
B.1.2_S13X_12,46,0,2021-01-10
B.1.2_D253Y_2,46,0,2021-01-10
B.1_L452R_15,46,6,2021-01-10
B.1.111_T205I_6,46,1,2021-01-10
B.1.177_S13X_1,46,0,2021-01-10
R.1_E484K_9,46,3,2021-01-10
B.1.2_T205X_2,46,0,2021-01-10
B.1.165_N501Y_14,46,5,2021-01-10
B.1.526_S477N_12,46,6,2021-01-10
B.1.526_E484K_45,46,11,2021-01-10
B.1.1.207_E484K_4,46,1,2021-01-10
B.1.139_T205I_2,46,0,2021-01-10
B.1_S13X_2,46,0,2021-01-10
B.1.1.107_S13X_8,46,0,2021-01-10
B.1.1.7_N501Y_5,46,10,2021-01-10
B.1.2_S13X_13,46,0,2021-01-10
B.1.2_N501Y_11,46,2,2021-01-10
B.1.2_S13X_14,46,0,2021-01-10
A.2.4_L452R_1,46,2,2021-01-10
B.1.1.64_S13X_6,46,2,2021-01-10
B.1.362_L452R_5,46,4,2021-01-10
B.1_E484K_26,46,2,2021-01-10
B.1.526_T205I_32,46,2,2021-01-10
anc,47,103,2021-01-17
B.1.332_S13X_9,47,0,2021-01-17
B.1.2_T205I_10,47,1,2021-01-17
B.1.361_S13X_10,47,0,2021-01-17
B.1.110.3_K484E_3,47,1,2021-01-17
B.1.517_N501T_3,47,6,2021-01-17
B.1.433_T205I_12,47,2,2021-01-17
2lin_T205I_1,47,0,2021-01-17
B.1.1.70_S13X_7,47,0,2021-01-17
B.1.351_T205I_8,47,1,2021-01-17
B.1.280_T205I_5,47,2,2021-01-17
B.1.3_D253G_10,47,0,2021-01-17
B.1.160_S477N_1,47,0,2021-01-17
P.2_E484K_12,47,1,2021-01-17
B.1.240_S13X_3,47,0,2021-01-17
B.1_T205I_11,47,1,2021-01-17
B.1.429_S13I_3,47,5,2021-01-17
B.1_T205I_16,47,2,2021-01-17
B.1.526_D253G_37,47,3,2021-01-17
B.1.1.247_N501T_2,47,3,2021-01-17
B.1_T205I_23,47,6,2021-01-17
B.1.1.64_S13X_5,47,0,2021-01-17
C.16_L452R_4,47,1,2021-01-17
B.1.526_S477N_11,47,3,2021-01-17
B.1.2_S13X_12,47,0,2021-01-17
B.1.2_D253Y_2,47,0,2021-01-17
B.1_L452R_15,47,8,2021-01-17
B.1.111_T205I_6,47,4,2021-01-17
B.1.177_S13X_1,47,0,2021-01-17
R.1_E484K_9,47,2,2021-01-17
B.1.2_T205X_2,47,0,2021-01-17
B.1.165_N501Y_14,47,3,2021-01-17
B.1.526_S477N_12,47,2,2021-01-17
B.1.526_E484K_45,47,12,2021-01-17
B.1.1.207_E484K_4,47,2,2021-01-17
B.1.139_T205I_2,47,0,2021-01-17
B.1_S13X_2,47,0,2021-01-17
B.1.1.107_S13X_8,47,0,2021-01-17
B.1.1.7_N501Y_5,47,2,2021-01-17
B.1.2_S13X_13,47,0,2021-01-17
B.1.2_N501Y_11,47,3,2021-01-17
B.1.2_S13X_14,47,0,2021-01-17
A.2.4_L452R_1,47,3,2021-01-17
B.1.1.64_S13X_6,47,0,2021-01-17
B.1.362_L452R_5,47,2,2021-01-17
B.1_E484K_26,47,1,2021-01-17
B.1.526_T205I_32,47,0,2021-01-17
B.1.1.64_S13X_4,47,2,2021-01-17
anc,48,128,2021-01-24
B.1.332_S13X_9,48,0,2021-01-24
B.1.2_T205I_10,48,1,2021-01-24
B.1.361_S13X_10,48,0,2021-01-24
B.1.110.3_K484E_3,48,1,2021-01-24
B.1.517_N501T_3,48,16,2021-01-24
B.1.433_T205I_12,48,1,2021-01-24
2lin_T205I_1,48,0,2021-01-24
B.1.1.70_S13X_7,48,0,2021-01-24
B.1.351_T205I_8,48,1,2021-01-24
B.1.280_T205I_5,48,3,2021-01-24
B.1.3_D253G_10,48,0,2021-01-24
B.1.160_S477N_1,48,0,2021-01-24
P.2_E484K_12,48,1,2021-01-24
B.1.240_S13X_3,48,0,2021-01-24
B.1_T205I_11,48,3,2021-01-24
B.1.429_S13I_3,48,6,2021-01-24
B.1_T205I_16,48,3,2021-01-24
B.1.526_D253G_37,48,7,2021-01-24
B.1.1.247_N501T_2,48,2,2021-01-24
B.1_T205I_23,48,20,2021-01-24
B.1.1.64_S13X_5,48,0,2021-01-24
C.16_L452R_4,48,2,2021-01-24
B.1.526_S477N_11,48,8,2021-01-24
B.1.2_S13X_12,48,0,2021-01-24
B.1.2_D253Y_2,48,0,2021-01-24
B.1_L452R_15,48,20,2021-01-24
B.1.111_T205I_6,48,2,2021-01-24
B.1.177_S13X_1,48,0,2021-01-24
R.1_E484K_9,48,1,2021-01-24
B.1.2_T205X_2,48,0,2021-01-24
B.1.165_N501Y_14,48,2,2021-01-24
B.1.526_S477N_12,48,5,2021-01-24
B.1.526_E484K_45,48,32,2021-01-24
B.1.1.207_E484K_4,48,2,2021-01-24
B.1.139_T205I_2,48,0,2021-01-24
B.1_S13X_2,48,0,2021-01-24
B.1.1.107_S13X_8,48,0,2021-01-24
B.1.1.7_N501Y_5,48,9,2021-01-24
B.1.2_S13X_13,48,0,2021-01-24
B.1.2_N501Y_11,48,1,2021-01-24
B.1.2_S13X_14,48,0,2021-01-24
A.2.4_L452R_1,48,1,2021-01-24
B.1.1.64_S13X_6,48,0,2021-01-24
B.1.362_L452R_5,48,1,2021-01-24
B.1_E484K_26,48,1,2021-01-24
B.1.526_T205I_32,48,0,2021-01-24
B.1.1.64_S13X_4,48,0,2021-01-24
B.1.243_T205X_1,48,2,2021-01-24
R.2_E484K_8,48,2,2021-01-24
B.1.517_S13X_11,48,2,2021-01-24
B.1.375_S477R_1,48,2,2021-01-24
anc,49,145,2021-01-31
B.1.332_S13X_9,49,0,2021-01-31
B.1.2_T205I_10,49,1,2021-01-31
B.1.361_S13X_10,49,0,2021-01-31
B.1.110.3_K484E_3,49,1,2021-01-31
B.1.517_N501T_3,49,11,2021-01-31
B.1.433_T205I_12,49,1,2021-01-31
2lin_T205I_1,49,0,2021-01-31
B.1.1.70_S13X_7,49,0,2021-01-31
B.1.351_T205I_8,49,1,2021-01-31
B.1.280_T205I_5,49,1,2021-01-31
B.1.3_D253G_10,49,0,2021-01-31
B.1.160_S477N_1,49,0,2021-01-31
P.2_E484K_12,49,1,2021-01-31
B.1.240_S13X_3,49,0,2021-01-31
B.1_T205I_11,49,0,2021-01-31
B.1.429_S13I_3,49,12,2021-01-31
B.1_T205I_16,49,2,2021-01-31
B.1.526_D253G_37,49,21,2021-01-31
B.1.1.247_N501T_2,49,1,2021-01-31
B.1_T205I_23,49,18,2021-01-31
B.1.1.64_S13X_5,49,0,2021-01-31
C.16_L452R_4,49,0,2021-01-31
B.1.526_S477N_11,49,22,2021-01-31
B.1.2_S13X_12,49,0,2021-01-31
B.1.2_D253Y_2,49,0,2021-01-31
B.1_L452R_15,49,28,2021-01-31
B.1.111_T205I_6,49,3,2021-01-31
B.1.177_S13X_1,49,0,2021-01-31
R.1_E484K_9,49,3,2021-01-31
B.1.2_T205X_2,49,0,2021-01-31
B.1.165_N501Y_14,49,9,2021-01-31
B.1.526_S477N_12,49,2,2021-01-31
B.1.526_E484K_45,49,48,2021-01-31
B.1.1.207_E484K_4,49,1,2021-01-31
B.1.139_T205I_2,49,0,2021-01-31
B.1_S13X_2,49,0,2021-01-31
B.1.1.107_S13X_8,49,0,2021-01-31
B.1.1.7_N501Y_5,49,30,2021-01-31
B.1.2_S13X_13,49,0,2021-01-31
B.1.2_N501Y_11,49,1,2021-01-31
B.1.2_S13X_14,49,0,2021-01-31
A.2.4_L452R_1,49,2,2021-01-31
B.1.1.64_S13X_6,49,0,2021-01-31
B.1.362_L452R_5,49,2,2021-01-31
B.1_E484K_26,49,1,2021-01-31
B.1.526_T205I_32,49,0,2021-01-31
B.1.1.64_S13X_4,49,0,2021-01-31
B.1.243_T205X_1,49,0,2021-01-31
R.2_E484K_8,49,0,2021-01-31
B.1.517_S13X_11,49,0,2021-01-31
B.1.375_S477R_1,49,0,2021-01-31
A.20_D253Y_1,49,2,2021-01-31
B.1.243_E484Q_1,49,2,2021-01-31
B.1.1.10_L452R_2,49,2,2021-01-31
B.1.1.318_E484K_11,49,4,2021-01-31
anc,50,268,2021-02-07
B.1.332_S13X_9,50,0,2021-02-07
B.1.2_T205I_10,50,3,2021-02-07
B.1.361_S13X_10,50,0,2021-02-07
B.1.110.3_K484E_3,50,3,2021-02-07
B.1.517_N501T_3,50,16,2021-02-07
B.1.433_T205I_12,50,2,2021-02-07
2lin_T205I_1,50,0,2021-02-07
B.1.1.70_S13X_7,50,0,2021-02-07
B.1.351_T205I_8,50,2,2021-02-07
B.1.280_T205I_5,50,2,2021-02-07
B.1.3_D253G_10,50,0,2021-02-07
B.1.160_S477N_1,50,0,2021-02-07
P.2_E484K_12,50,4,2021-02-07
B.1.240_S13X_3,50,0,2021-02-07
B.1_T205I_11,50,0,2021-02-07
B.1.429_S13I_3,50,19,2021-02-07
B.1_T205I_16,50,2,2021-02-07
B.1.526_D253G_37,50,37,2021-02-07
B.1.1.247_N501T_2,50,2,2021-02-07
B.1_T205I_23,50,39,2021-02-07
B.1.1.64_S13X_5,50,0,2021-02-07
C.16_L452R_4,50,0,2021-02-07
B.1.526_S477N_11,50,64,2021-02-07
B.1.2_S13X_12,50,0,2021-02-07
B.1.2_D253Y_2,50,0,2021-02-07
B.1_L452R_15,50,54,2021-02-07
B.1.111_T205I_6,50,7,2021-02-07
B.1.177_S13X_1,50,0,2021-02-07
R.1_E484K_9,50,10,2021-02-07
B.1.2_T205X_2,50,0,2021-02-07
B.1.165_N501Y_14,50,9,2021-02-07
B.1.526_S477N_12,50,8,2021-02-07
B.1.526_E484K_45,50,135,2021-02-07
B.1.1.207_E484K_4,50,2,2021-02-07
B.1.139_T205I_2,50,0,2021-02-07
B.1_S13X_2,50,0,2021-02-07
B.1.1.107_S13X_8,50,0,2021-02-07
B.1.1.7_N501Y_5,50,64,2021-02-07
B.1.2_S13X_13,50,0,2021-02-07
B.1.2_N501Y_11,50,3,2021-02-07
B.1.2_S13X_14,50,0,2021-02-07
A.2.4_L452R_1,50,6,2021-02-07
B.1.1.64_S13X_6,50,0,2021-02-07
B.1.362_L452R_5,50,3,2021-02-07
B.1_E484K_26,50,1,2021-02-07
B.1.526_T205I_32,50,0,2021-02-07
B.1.1.64_S13X_4,50,0,2021-02-07
B.1.243_T205X_1,50,0,2021-02-07
R.2_E484K_8,50,0,2021-02-07
B.1.517_S13X_11,50,0,2021-02-07
B.1.375_S477R_1,50,0,2021-02-07
A.20_D253Y_1,50,0,2021-02-07
B.1.243_E484Q_1,50,0,2021-02-07
B.1.1.10_L452R_2,50,0,2021-02-07
B.1.1.318_E484K_11,50,1,2021-02-07
B.1.111_E484K_3,50,2,2021-02-07
B.1.404_S477N_2,50,2,2021-02-07
C.2_N501T_1,50,2,2021-02-07
B.1_N501Y_7,50,2,2021-02-07
B.1_E484K_18,50,3,2021-02-07
B.1_D253G_14,50,2,2021-02-07
B.1.526_E484K_22,50,2,2021-02-07
B.1.2_D253G_18,50,2,2021-02-07
B.1.110.3_N501T_4,50,2,2021-02-07
B.1_D253G_30,50,2,2021-02-07
B.1.526_D253G_31,50,2,2021-02-07
B.1_I205T_8,50,2,2021-02-07
B.1_L452R_17,50,2,2021-02-07
B.1_D253G_36,50,2,2021-02-07
2lin_N501Y_20,50,2,2021-02-07
B.1.526_N477S_1,50,2,2021-02-07
B.1.526_T205I_34,50,2,2021-02-07
2lin_G253D_18,50,2,2021-02-07
anc,51,358,2021-02-14
B.1.332_S13X_9,51,0,2021-02-14
B.1.2_T205I_10,51,3,2021-02-14
B.1.361_S13X_10,51,0,2021-02-14
B.1.110.3_K484E_3,51,0,2021-02-14
B.1.517_N501T_3,51,10,2021-02-14
B.1.433_T205I_12,51,0,2021-02-14
2lin_T205I_1,51,0,2021-02-14
B.1.1.70_S13X_7,51,0,2021-02-14
B.1.351_T205I_8,51,3,2021-02-14
B.1.280_T205I_5,51,3,2021-02-14
B.1.3_D253G_10,51,0,2021-02-14
B.1.160_S477N_1,51,0,2021-02-14
P.2_E484K_12,51,0,2021-02-14
B.1.240_S13X_3,51,0,2021-02-14
B.1_T205I_11,51,0,2021-02-14
B.1.429_S13I_3,51,30,2021-02-14
B.1_T205I_16,51,2,2021-02-14
B.1.526_D253G_37,51,48,2021-02-14
B.1.1.247_N501T_2,51,1,2021-02-14
B.1_T205I_23,51,56,2021-02-14
B.1.1.64_S13X_5,51,0,2021-02-14
C.16_L452R_4,51,0,2021-02-14
B.1.526_S477N_11,51,78,2021-02-14
B.1.2_S13X_12,51,0,2021-02-14
B.1.2_D253Y_2,51,0,2021-02-14
B.1_L452R_15,51,46,2021-02-14
B.1.111_T205I_6,51,10,2021-02-14
B.1.177_S13X_1,51,0,2021-02-14
R.1_E484K_9,51,5,2021-02-14
B.1.2_T205X_2,51,0,2021-02-14
B.1.165_N501Y_14,51,11,2021-02-14
B.1.526_S477N_12,51,18,2021-02-14
B.1.526_E484K_45,51,177,2021-02-14
B.1.1.207_E484K_4,51,0,2021-02-14
B.1.139_T205I_2,51,0,2021-02-14
B.1_S13X_2,51,0,2021-02-14
B.1.1.107_S13X_8,51,0,2021-02-14
B.1.1.7_N501Y_5,51,75,2021-02-14
B.1.2_S13X_13,51,0,2021-02-14
B.1.2_N501Y_11,51,2,2021-02-14
B.1.2_S13X_14,51,0,2021-02-14
A.2.4_L452R_1,51,5,2021-02-14
B.1.1.64_S13X_6,51,0,2021-02-14
B.1.362_L452R_5,51,1,2021-02-14
B.1_E484K_26,51,2,2021-02-14
B.1.526_T205I_32,51,0,2021-02-14
B.1.1.64_S13X_4,51,0,2021-02-14
B.1.243_T205X_1,51,0,2021-02-14
R.2_E484K_8,51,0,2021-02-14
B.1.517_S13X_11,51,0,2021-02-14
B.1.375_S477R_1,51,0,2021-02-14
A.20_D253Y_1,51,0,2021-02-14
B.1.243_E484Q_1,51,0,2021-02-14
B.1.1.10_L452R_2,51,0,2021-02-14
B.1.1.318_E484K_11,51,1,2021-02-14
B.1.111_E484K_3,51,3,2021-02-14
B.1.404_S477N_2,51,2,2021-02-14
C.2_N501T_1,51,0,2021-02-14
B.1_N501Y_7,51,0,2021-02-14
B.1_E484K_18,51,1,2021-02-14
B.1_D253G_14,51,0,2021-02-14
B.1.526_E484K_22,51,0,2021-02-14
B.1.2_D253G_18,51,0,2021-02-14
B.1.110.3_N501T_4,51,2,2021-02-14
B.1_D253G_30,51,4,2021-02-14
B.1.526_D253G_31,51,2,2021-02-14
B.1_I205T_8,51,3,2021-02-14
B.1_L452R_17,51,2,2021-02-14
B.1_D253G_36,51,1,2021-02-14
2lin_N501Y_20,51,1,2021-02-14
B.1.526_N477S_1,51,1,2021-02-14
B.1.526_T205I_34,51,3,2021-02-14
2lin_G253D_18,51,1,2021-02-14
B.1.2_T205I_3,51,2,2021-02-14
B.1.525_T205I_4,51,3,2021-02-14
B.1.526_D253G_4,51,2,2021-02-14
B.1.1.7_N501Y_1,51,2,2021-02-14
B.1.1.222_D253G_5,51,2,2021-02-14
B.1.1.1_L452R_3,51,2,2021-02-14
B.1.1.220_E484K_5,51,2,2021-02-14
B.1.1.130_E484K_6,51,3,2021-02-14
B.1_E484K_7,51,2,2021-02-14
B.1_D253G_7,51,2,2021-02-14
B.1.1.7_N501Y_3,51,2,2021-02-14
B.1.241_D253G_9,51,2,2021-02-14
B.1.1.7_Y501N_5,51,3,2021-02-14
B.1_D253G_11,51,2,2021-02-14
B.1.526_D253G_12,51,2,2021-02-14
B.1.526_D253G_17,51,2,2021-02-14
B.1_I205T_2,51,2,2021-02-14
B.1.2_T205I_13,51,2,2021-02-14
B.1.2_E484Q_2,51,2,2021-02-14
B.1.2_E484K_25,51,2,2021-02-14
B.1.2_T205I_14,51,2,2021-02-14
B.1_T205I_15,51,2,2021-02-14
B.1_L452R_6,51,2,2021-02-14
B.1_I205T_3,51,2,2021-02-14
B.1_L452R_7,51,2,2021-02-14
B.1.241_T205I_17,51,2,2021-02-14
B.1_T205I_18,51,2,2021-02-14
B.1_T205I_20,51,3,2021-02-14
B.1_T205I_21,51,2,2021-02-14
B.1_D253G_22,51,2,2021-02-14
B.1.2_D253G_24,51,2,2021-02-14
B.1_D253G_25,51,3,2021-02-14
B.1_S477N_5,51,2,2021-02-14
2lin_T205I_25,51,2,2021-02-14
B.1_E484K_32,51,2,2021-02-14
B.1.526_D253G_29,51,2,2021-02-14
B.1.526_D253G_32,51,2,2021-02-14
B.1_T205I_28,51,2,2021-02-14
B.1_D253G_33,51,2,2021-02-14
B.1_I205T_6,51,2,2021-02-14
B.1_L452R_16,51,2,2021-02-14
B.1_D253G_35,51,2,2021-02-14
B.1.526_S477N_7,51,2,2021-02-14
B.1.526_E484K_40,51,2,2021-02-14
B.1.526_S13I_5,51,2,2021-02-14
B.1_G253D_8,51,2,2021-02-14
B.1_G253D_9,51,2,2021-02-14
B.1.526_T205I_33,51,2,2021-02-14
B.1_G253S_1,51,2,2021-02-14
B.1.526_T205I_35,51,2,2021-02-14
B.1_G253D_11,51,3,2021-02-14
B.1_G253D_12,51,2,2021-02-14
B.1.487_G253D_16,51,2,2021-02-14
anc,52,192,2021-02-21
B.1.332_S13X_9,52,0,2021-02-21
B.1.2_T205I_10,52,0,2021-02-21
B.1.361_S13X_10,52,0,2021-02-21
B.1.110.3_K484E_3,52,0,2021-02-21
B.1.517_N501T_3,52,6,2021-02-21
B.1.433_T205I_12,52,0,2021-02-21
2lin_T205I_1,52,0,2021-02-21
B.1.1.70_S13X_7,52,0,2021-02-21
B.1.351_T205I_8,52,1,2021-02-21
B.1.280_T205I_5,52,0,2021-02-21
B.1.3_D253G_10,52,0,2021-02-21
B.1.160_S477N_1,52,0,2021-02-21
P.2_E484K_12,52,0,2021-02-21
B.1.240_S13X_3,52,0,2021-02-21
B.1_T205I_11,52,0,2021-02-21
B.1.429_S13I_3,52,21,2021-02-21
B.1_T205I_16,52,2,2021-02-21
B.1.526_D253G_37,52,45,2021-02-21
B.1.1.247_N501T_2,52,2,2021-02-21
B.1_T205I_23,52,54,2021-02-21
B.1.1.64_S13X_5,52,0,2021-02-21
C.16_L452R_4,52,0,2021-02-21
B.1.526_S477N_11,52,99,2021-02-21
B.1.2_S13X_12,52,0,2021-02-21
B.1.2_D253Y_2,52,0,2021-02-21
B.1_L452R_15,52,65,2021-02-21
B.1.111_T205I_6,52,7,2021-02-21
B.1.177_S13X_1,52,0,2021-02-21
R.1_E484K_9,52,19,2021-02-21
B.1.2_T205X_2,52,0,2021-02-21
B.1.165_N501Y_14,52,13,2021-02-21
B.1.526_S477N_12,52,16,2021-02-21
B.1.526_E484K_45,52,191,2021-02-21
B.1.1.207_E484K_4,52,0,2021-02-21
B.1.139_T205I_2,52,0,2021-02-21
B.1_S13X_2,52,0,2021-02-21
B.1.1.107_S13X_8,52,0,2021-02-21
B.1.1.7_N501Y_5,52,110,2021-02-21
B.1.2_S13X_13,52,0,2021-02-21
B.1.2_N501Y_11,52,2,2021-02-21
B.1.2_S13X_14,52,0,2021-02-21
A.2.4_L452R_1,52,6,2021-02-21
B.1.1.64_S13X_6,52,0,2021-02-21
B.1.362_L452R_5,52,2,2021-02-21
B.1_E484K_26,52,1,2021-02-21
B.1.526_T205I_32,52,0,2021-02-21
B.1.1.64_S13X_4,52,0,2021-02-21
B.1.243_T205X_1,52,0,2021-02-21
R.2_E484K_8,52,0,2021-02-21
B.1.517_S13X_11,52,0,2021-02-21
B.1.375_S477R_1,52,0,2021-02-21
A.20_D253Y_1,52,0,2021-02-21
B.1.243_E484Q_1,52,0,2021-02-21
B.1.1.10_L452R_2,52,0,2021-02-21
B.1.1.318_E484K_11,52,1,2021-02-21
B.1.111_E484K_3,52,1,2021-02-21
B.1.404_S477N_2,52,0,2021-02-21
C.2_N501T_1,52,0,2021-02-21
B.1_N501Y_7,52,0,2021-02-21
B.1_E484K_18,52,2,2021-02-21
B.1_D253G_14,52,0,2021-02-21
B.1.526_E484K_22,52,0,2021-02-21
B.1.2_D253G_18,52,0,2021-02-21
B.1.110.3_N501T_4,52,0,2021-02-21
B.1_D253G_30,52,1,2021-02-21
B.1.526_D253G_31,52,0,2021-02-21
B.1_I205T_8,52,2,2021-02-21
B.1_L452R_17,52,0,2021-02-21
B.1_D253G_36,52,2,2021-02-21
2lin_N501Y_20,52,1,2021-02-21
B.1.526_N477S_1,52,1,2021-02-21
B.1.526_T205I_34,52,0,2021-02-21
2lin_G253D_18,52,1,2021-02-21
B.1.2_T205I_3,52,0,2021-02-21
B.1.525_T205I_4,52,4,2021-02-21
B.1.526_D253G_4,52,0,2021-02-21
B.1.1.7_N501Y_1,52,0,2021-02-21
B.1.1.222_D253G_5,52,0,2021-02-21
B.1.1.1_L452R_3,52,0,2021-02-21
B.1.1.220_E484K_5,52,0,2021-02-21
B.1.1.130_E484K_6,52,2,2021-02-21
B.1_E484K_7,52,0,2021-02-21
B.1_D253G_7,52,1,2021-02-21
B.1.1.7_N501Y_3,52,1,2021-02-21
B.1.241_D253G_9,52,0,2021-02-21
B.1.1.7_Y501N_5,52,1,2021-02-21
B.1_D253G_11,52,2,2021-02-21
B.1.526_D253G_12,52,0,2021-02-21
B.1.526_D253G_17,52,1,2021-02-21
B.1_I205T_2,52,0,2021-02-21
B.1.2_T205I_13,52,0,2021-02-21
B.1.2_E484Q_2,52,0,2021-02-21
B.1.2_E484K_25,52,0,2021-02-21
B.1.2_T205I_14,52,1,2021-02-21
B.1_T205I_15,52,0,2021-02-21
B.1_L452R_6,52,0,2021-02-21
B.1_I205T_3,52,0,2021-02-21
B.1_L452R_7,52,0,2021-02-21
B.1.241_T205I_17,52,0,2021-02-21
B.1_T205I_18,52,2,2021-02-21
B.1_T205I_20,52,2,2021-02-21
B.1_T205I_21,52,0,2021-02-21
B.1_D253G_22,52,0,2021-02-21
B.1.2_D253G_24,52,0,2021-02-21
B.1_D253G_25,52,1,2021-02-21
B.1_S477N_5,52,0,2021-02-21
2lin_T205I_25,52,1,2021-02-21
B.1_E484K_32,52,0,2021-02-21
B.1.526_D253G_29,52,1,2021-02-21
B.1.526_D253G_32,52,1,2021-02-21
B.1_T205I_28,52,0,2021-02-21
B.1_D253G_33,52,0,2021-02-21
B.1_I205T_6,52,0,2021-02-21
B.1_L452R_16,52,0,2021-02-21
B.1_D253G_35,52,1,2021-02-21
B.1.526_S477N_7,52,0,2021-02-21
B.1.526_E484K_40,52,0,2021-02-21
B.1.526_S13I_5,52,0,2021-02-21
B.1_G253D_8,52,0,2021-02-21
B.1_G253D_9,52,0,2021-02-21
B.1.526_T205I_33,52,0,2021-02-21
B.1_G253S_1,52,0,2021-02-21
B.1.526_T205I_35,52,0,2021-02-21
B.1_G253D_11,52,4,2021-02-21
B.1_G253D_12,52,0,2021-02-21
B.1.487_G253D_16,52,0,2021-02-21
B.1.526_D253G_3,52,2,2021-02-21
B.1.1.7_E484K_10,52,2,2021-02-21
B.1.1.7_N501Y_4,52,2,2021-02-21
B.1.1.7_Y501N_6,52,2,2021-02-21
B.1.1.7_E484K_13,52,2,2021-02-21
B.1.2_E484K_24,52,2,2021-02-21
B.1_D253G_19,52,2,2021-02-21
B.1.2_D253G_20,52,2,2021-02-21
B.1.2_I205T_5,52,2,2021-02-21
B.1.1.7_N501Y_15,52,2,2021-02-21
B.1_L452R_9,52,2,2021-02-21
B.1_T205I_27,52,2,2021-02-21
B.1_R452L_4,52,2,2021-02-21
B.1.526_E484K_37,52,2,2021-02-21
B.1.526_N501Y_19,52,2,2021-02-21
B.1.1.29_E484K_39,52,2,2021-02-21
B.1.526_L452R_18,52,2,2021-02-21
B.1.526_S477N_9,52,2,2021-02-21
B.1.526_E484K_43,52,2,2021-02-21
B.1.526_K484E_5,52,2,2021-02-21
B.1_K484E_7,52,3,2021-02-21
anc,53,95,2021-02-28
B.1.332_S13X_9,53,0,2021-02-28
B.1.2_T205I_10,53,0,2021-02-28
B.1.361_S13X_10,53,0,2021-02-28
B.1.110.3_K484E_3,53,0,2021-02-28
B.1.517_N501T_3,53,5,2021-02-28
B.1.433_T205I_12,53,0,2021-02-28
2lin_T205I_1,53,0,2021-02-28
B.1.1.70_S13X_7,53,0,2021-02-28
B.1.351_T205I_8,53,2,2021-02-28
B.1.280_T205I_5,53,0,2021-02-28
B.1.3_D253G_10,53,0,2021-02-28
B.1.160_S477N_1,53,0,2021-02-28
P.2_E484K_12,53,0,2021-02-28
B.1.240_S13X_3,53,0,2021-02-28
B.1_T205I_11,53,0,2021-02-28
B.1.429_S13I_3,53,19,2021-02-28
B.1_T205I_16,53,1,2021-02-28
B.1.526_D253G_37,53,28,2021-02-28
B.1.1.247_N501T_2,53,4,2021-02-28
B.1_T205I_23,53,36,2021-02-28
B.1.1.64_S13X_5,53,0,2021-02-28
C.16_L452R_4,53,0,2021-02-28
B.1.526_S477N_11,53,117,2021-02-28
B.1.2_S13X_12,53,0,2021-02-28
B.1.2_D253Y_2,53,0,2021-02-28
B.1_L452R_15,53,71,2021-02-28
B.1.111_T205I_6,53,3,2021-02-28
B.1.177_S13X_1,53,0,2021-02-28
R.1_E484K_9,53,8,2021-02-28
B.1.2_T205X_2,53,0,2021-02-28
B.1.165_N501Y_14,53,7,2021-02-28
B.1.526_S477N_12,53,20,2021-02-28
B.1.526_E484K_45,53,174,2021-02-28
B.1.1.207_E484K_4,53,0,2021-02-28
B.1.139_T205I_2,53,0,2021-02-28
B.1_S13X_2,53,0,2021-02-28
B.1.1.107_S13X_8,53,0,2021-02-28
B.1.1.7_N501Y_5,53,108,2021-02-28
B.1.2_S13X_13,53,0,2021-02-28
B.1.2_N501Y_11,53,1,2021-02-28
B.1.2_S13X_14,53,0,2021-02-28
A.2.4_L452R_1,53,5,2021-02-28
B.1.1.64_S13X_6,53,0,2021-02-28
B.1.362_L452R_5,53,0,2021-02-28
B.1_E484K_26,53,2,2021-02-28
B.1.526_T205I_32,53,0,2021-02-28
B.1.1.64_S13X_4,53,0,2021-02-28
B.1.243_T205X_1,53,0,2021-02-28
R.2_E484K_8,53,0,2021-02-28
B.1.517_S13X_11,53,0,2021-02-28
B.1.375_S477R_1,53,0,2021-02-28
A.20_D253Y_1,53,0,2021-02-28
B.1.243_E484Q_1,53,0,2021-02-28
B.1.1.10_L452R_2,53,0,2021-02-28
B.1.1.318_E484K_11,53,2,2021-02-28
B.1.111_E484K_3,53,1,2021-02-28
B.1.404_S477N_2,53,0,2021-02-28
C.2_N501T_1,53,0,2021-02-28
B.1_N501Y_7,53,0,2021-02-28
B.1_E484K_18,53,1,2021-02-28
B.1_D253G_14,53,0,2021-02-28
B.1.526_E484K_22,53,0,2021-02-28
B.1.2_D253G_18,53,0,2021-02-28
B.1.110.3_N501T_4,53,0,2021-02-28
B.1_D253G_30,53,1,2021-02-28
B.1.526_D253G_31,53,0,2021-02-28
B.1_I205T_8,53,2,2021-02-28
B.1_L452R_17,53,0,2021-02-28
B.1_D253G_36,53,1,2021-02-28
2lin_N501Y_20,53,2,2021-02-28
B.1.526_N477S_1,53,1,2021-02-28
B.1.526_T205I_34,53,0,2021-02-28
2lin_G253D_18,53,1,2021-02-28
B.1.2_T205I_3,53,0,2021-02-28
B.1.525_T205I_4,53,0,2021-02-28
B.1.526_D253G_4,53,0,2021-02-28
B.1.1.7_N501Y_1,53,0,2021-02-28
B.1.1.222_D253G_5,53,0,2021-02-28
B.1.1.1_L452R_3,53,0,2021-02-28
B.1.1.220_E484K_5,53,0,2021-02-28
B.1.1.130_E484K_6,53,0,2021-02-28
B.1_E484K_7,53,0,2021-02-28
B.1_D253G_7,53,1,2021-02-28
B.1.1.7_N501Y_3,53,1,2021-02-28
B.1.241_D253G_9,53,0,2021-02-28
B.1.1.7_Y501N_5,53,1,2021-02-28
B.1_D253G_11,53,1,2021-02-28
B.1.526_D253G_12,53,0,2021-02-28
B.1.526_D253G_17,53,1,2021-02-28
B.1_I205T_2,53,0,2021-02-28
B.1.2_T205I_13,53,0,2021-02-28
B.1.2_E484Q_2,53,0,2021-02-28
B.1.2_E484K_25,53,0,2021-02-28
B.1.2_T205I_14,53,1,2021-02-28
B.1_T205I_15,53,0,2021-02-28
B.1_L452R_6,53,0,2021-02-28
B.1_I205T_3,53,0,2021-02-28
B.1_L452R_7,53,0,2021-02-28
B.1.241_T205I_17,53,0,2021-02-28
B.1_T205I_18,53,0,2021-02-28
B.1_T205I_20,53,0,2021-02-28
B.1_T205I_21,53,0,2021-02-28
B.1_D253G_22,53,0,2021-02-28
B.1.2_D253G_24,53,0,2021-02-28
B.1_D253G_25,53,3,2021-02-28
B.1_S477N_5,53,0,2021-02-28
2lin_T205I_25,53,1,2021-02-28
B.1_E484K_32,53,0,2021-02-28
B.1.526_D253G_29,53,1,2021-02-28
B.1.526_D253G_32,53,1,2021-02-28
B.1_T205I_28,53,0,2021-02-28
B.1_D253G_33,53,0,2021-02-28
B.1_I205T_6,53,0,2021-02-28
B.1_L452R_16,53,0,2021-02-28
B.1_D253G_35,53,1,2021-02-28
B.1.526_S477N_7,53,0,2021-02-28
B.1.526_E484K_40,53,0,2021-02-28
B.1.526_S13I_5,53,0,2021-02-28
B.1_G253D_8,53,0,2021-02-28
B.1_G253D_9,53,0,2021-02-28
B.1.526_T205I_33,53,0,2021-02-28
B.1_G253S_1,53,0,2021-02-28
B.1.526_T205I_35,53,0,2021-02-28
B.1_G253D_11,53,2,2021-02-28
B.1_G253D_12,53,0,2021-02-28
B.1.487_G253D_16,53,0,2021-02-28
B.1.526_D253G_3,53,0,2021-02-28
B.1.1.7_E484K_10,53,0,2021-02-28
B.1.1.7_N501Y_4,53,0,2021-02-28
B.1.1.7_Y501N_6,53,0,2021-02-28
B.1.1.7_E484K_13,53,1,2021-02-28
B.1.2_E484K_24,53,0,2021-02-28
B.1_D253G_19,53,0,2021-02-28
B.1.2_D253G_20,53,0,2021-02-28
B.1.2_I205T_5,53,0,2021-02-28
B.1.1.7_N501Y_15,53,0,2021-02-28
B.1_L452R_9,53,0,2021-02-28
B.1_T205I_27,53,0,2021-02-28
B.1_R452L_4,53,0,2021-02-28
B.1.526_E484K_37,53,0,2021-02-28
B.1.526_N501Y_19,53,1,2021-02-28
B.1.1.29_E484K_39,53,0,2021-02-28
B.1.526_L452R_18,53,0,2021-02-28
B.1.526_S477N_9,53,0,2021-02-28
B.1.526_E484K_43,53,1,2021-02-28
B.1.526_K484E_5,53,0,2021-02-28
B.1_K484E_7,53,1,2021-02-28
B.1_D253G_1,53,2,2021-02-28
B.1.1.7_Y501N_7,53,2,2021-02-28
B.1.480_N501Y_8,53,2,2021-02-28
B.1_T205I_9,53,2,2021-02-28
B.1_D253G_15,53,2,2021-02-28
B.1.1.7_N501Y_10,53,2,2021-02-28
B.1.526_D253G_16,53,2,2021-02-28
B.1.2_S477N_4,53,2,2021-02-28
B.1_R452L_2,53,2,2021-02-28
B.1_T205I_19,53,2,2021-02-28
B.1.165_T205I_22,53,2,2021-02-28
B.1_E484K_29,53,2,2021-02-28
B.1_D253G_28,53,2,2021-02-28
B.1_I205T_7,53,2,2021-02-28
B.1_E484K_35,53,2,2021-02-28
B.1.526_E484K_42,53,2,2021-02-28
B.1_G253D_6,53,2,2021-02-28
2lin_G253D_7,53,2,2021-02-28
B.1.526_N477S_2,53,2,2021-02-28
anc,54,354,2021-03-07
B.1.332_S13X_9,54,0,2021-03-07
B.1.2_T205I_10,54,0,2021-03-07
B.1.361_S13X_10,54,0,2021-03-07
B.1.110.3_K484E_3,54,0,2021-03-07
B.1.517_N501T_3,54,2,2021-03-07
B.1.433_T205I_12,54,0,2021-03-07
2lin_T205I_1,54,0,2021-03-07
B.1.1.70_S13X_7,54,0,2021-03-07
B.1.351_T205I_8,54,0,2021-03-07
B.1.280_T205I_5,54,0,2021-03-07
B.1.3_D253G_10,54,0,2021-03-07
B.1.160_S477N_1,54,0,2021-03-07
P.2_E484K_12,54,0,2021-03-07
B.1.240_S13X_3,54,0,2021-03-07
B.1_T205I_11,54,0,2021-03-07
B.1.429_S13I_3,54,16,2021-03-07
B.1_T205I_16,54,2,2021-03-07
B.1.526_D253G_37,54,75,2021-03-07
B.1.1.247_N501T_2,54,3,2021-03-07
B.1_T205I_23,54,37,2021-03-07
B.1.1.64_S13X_5,54,0,2021-03-07
C.16_L452R_4,54,0,2021-03-07
B.1.526_S477N_11,54,90,2021-03-07
B.1.2_S13X_12,54,0,2021-03-07
B.1.2_D253Y_2,54,0,2021-03-07
B.1_L452R_15,54,57,2021-03-07
B.1.111_T205I_6,54,4,2021-03-07
B.1.177_S13X_1,54,0,2021-03-07
R.1_E484K_9,54,10,2021-03-07
B.1.2_T205X_2,54,0,2021-03-07
B.1.165_N501Y_14,54,11,2021-03-07
B.1.526_S477N_12,54,12,2021-03-07
B.1.526_E484K_45,54,217,2021-03-07
B.1.1.207_E484K_4,54,0,2021-03-07
B.1.139_T205I_2,54,0,2021-03-07
B.1_S13X_2,54,0,2021-03-07
B.1.1.107_S13X_8,54,0,2021-03-07
B.1.1.7_N501Y_5,54,125,2021-03-07
B.1.2_S13X_13,54,0,2021-03-07
B.1.2_N501Y_11,54,7,2021-03-07
B.1.2_S13X_14,54,0,2021-03-07
A.2.4_L452R_1,54,3,2021-03-07
B.1.1.64_S13X_6,54,0,2021-03-07
B.1.362_L452R_5,54,0,2021-03-07
B.1_E484K_26,54,9,2021-03-07
B.1.526_T205I_32,54,0,2021-03-07
B.1.1.64_S13X_4,54,0,2021-03-07
B.1.243_T205X_1,54,0,2021-03-07
R.2_E484K_8,54,0,2021-03-07
B.1.517_S13X_11,54,0,2021-03-07
B.1.375_S477R_1,54,0,2021-03-07
A.20_D253Y_1,54,0,2021-03-07
B.1.243_E484Q_1,54,0,2021-03-07
B.1.1.10_L452R_2,54,0,2021-03-07
B.1.1.318_E484K_11,54,9,2021-03-07
B.1.111_E484K_3,54,2,2021-03-07
B.1.404_S477N_2,54,0,2021-03-07
C.2_N501T_1,54,0,2021-03-07
B.1_N501Y_7,54,0,2021-03-07
B.1_E484K_18,54,2,2021-03-07
B.1_D253G_14,54,0,2021-03-07
B.1.526_E484K_22,54,0,2021-03-07
B.1.2_D253G_18,54,0,2021-03-07
B.1.110.3_N501T_4,54,0,2021-03-07
B.1_D253G_30,54,9,2021-03-07
B.1.526_D253G_31,54,0,2021-03-07
B.1_I205T_8,54,0,2021-03-07
B.1_L452R_17,54,0,2021-03-07
B.1_D253G_36,54,4,2021-03-07
2lin_N501Y_20,54,0,2021-03-07
B.1.526_N477S_1,54,3,2021-03-07
B.1.526_T205I_34,54,0,2021-03-07
2lin_G253D_18,54,2,2021-03-07
B.1.2_T205I_3,54,0,2021-03-07
B.1.525_T205I_4,54,0,2021-03-07
B.1.526_D253G_4,54,0,2021-03-07
B.1.1.7_N501Y_1,54,0,2021-03-07
B.1.1.222_D253G_5,54,0,2021-03-07
B.1.1.1_L452R_3,54,0,2021-03-07
B.1.1.220_E484K_5,54,0,2021-03-07
B.1.1.130_E484K_6,54,0,2021-03-07
B.1_E484K_7,54,0,2021-03-07
B.1_D253G_7,54,2,2021-03-07
B.1.1.7_N501Y_3,54,2,2021-03-07
B.1.241_D253G_9,54,0,2021-03-07
B.1.1.7_Y501N_5,54,6,2021-03-07
B.1_D253G_11,54,2,2021-03-07
B.1.526_D253G_12,54,0,2021-03-07
B.1.526_D253G_17,54,3,2021-03-07
B.1_I205T_2,54,0,2021-03-07
B.1.2_T205I_13,54,0,2021-03-07
B.1.2_E484Q_2,54,0,2021-03-07
B.1.2_E484K_25,54,0,2021-03-07
B.1.2_T205I_14,54,2,2021-03-07
B.1_T205I_15,54,0,2021-03-07
B.1_L452R_6,54,0,2021-03-07
B.1_I205T_3,54,0,2021-03-07
B.1_L452R_7,54,0,2021-03-07
B.1.241_T205I_17,54,0,2021-03-07
B.1_T205I_18,54,0,2021-03-07
B.1_T205I_20,54,0,2021-03-07
B.1_T205I_21,54,0,2021-03-07
B.1_D253G_22,54,0,2021-03-07
B.1.2_D253G_24,54,0,2021-03-07
B.1_D253G_25,54,6,2021-03-07
B.1_S477N_5,54,0,2021-03-07
2lin_T205I_25,54,2,2021-03-07
B.1_E484K_32,54,0,2021-03-07
B.1.526_D253G_29,54,3,2021-03-07
B.1.526_D253G_32,54,2,2021-03-07
B.1_T205I_28,54,0,2021-03-07
B.1_D253G_33,54,0,2021-03-07
B.1_I205T_6,54,0,2021-03-07
B.1_L452R_16,54,0,2021-03-07
B.1_D253G_35,54,2,2021-03-07
B.1.526_S477N_7,54,0,2021-03-07
B.1.526_E484K_40,54,0,2021-03-07
B.1.526_S13I_5,54,0,2021-03-07
B.1_G253D_8,54,0,2021-03-07
B.1_G253D_9,54,0,2021-03-07
B.1.526_T205I_33,54,0,2021-03-07
B.1_G253S_1,54,0,2021-03-07
B.1.526_T205I_35,54,0,2021-03-07
B.1_G253D_11,54,12,2021-03-07
B.1_G253D_12,54,0,2021-03-07
B.1.487_G253D_16,54,0,2021-03-07
B.1.526_D253G_3,54,0,2021-03-07
B.1.1.7_E484K_10,54,0,2021-03-07
B.1.1.7_N501Y_4,54,0,2021-03-07
B.1.1.7_Y501N_6,54,0,2021-03-07
B.1.1.7_E484K_13,54,2,2021-03-07
B.1.2_E484K_24,54,0,2021-03-07
B.1_D253G_19,54,0,2021-03-07
B.1.2_D253G_20,54,0,2021-03-07
B.1.2_I205T_5,54,0,2021-03-07
B.1.1.7_N501Y_15,54,0,2021-03-07
B.1_L452R_9,54,0,2021-03-07
B.1_T205I_27,54,0,2021-03-07
B.1_R452L_4,54,0,2021-03-07
B.1.526_E484K_37,54,0,2021-03-07
B.1.526_N501Y_19,54,2,2021-03-07
B.1.1.29_E484K_39,54,0,2021-03-07
B.1.526_L452R_18,54,0,2021-03-07
B.1.526_S477N_9,54,0,2021-03-07
B.1.526_E484K_43,54,7,2021-03-07
B.1.526_K484E_5,54,0,2021-03-07
B.1_K484E_7,54,2,2021-03-07
B.1_D253G_1,54,0,2021-03-07
B.1.1.7_Y501N_7,54,0,2021-03-07
B.1.480_N501Y_8,54,0,2021-03-07
B.1_T205I_9,54,0,2021-03-07
B.1_D253G_15,54,0,2021-03-07
B.1.1.7_N501Y_10,54,0,2021-03-07
B.1.526_D253G_16,54,2,2021-03-07
B.1.2_S477N_4,54,0,2021-03-07
B.1_R452L_2,54,0,2021-03-07
B.1_T205I_19,54,0,2021-03-07
B.1.165_T205I_22,54,0,2021-03-07
B.1_E484K_29,54,0,2021-03-07
B.1_D253G_28,54,2,2021-03-07
B.1_I205T_7,54,2,2021-03-07
B.1_E484K_35,54,3,2021-03-07
B.1.526_E484K_42,54,0,2021-03-07
B.1_G253D_6,54,0,2021-03-07
2lin_G253D_7,54,2,2021-03-07
B.1.526_N477S_2,54,0,2021-03-07
A.2.4_R452L_1,54,2,2021-03-07
B.1.526_D253G_2,54,2,2021-03-07
B.1_E484K_2,54,2,2021-03-07
B.1_S13I_1,54,2,2021-03-07
B.1_T205I_7,54,2,2021-03-07
B.1.1_N501Y_2,54,2,2021-03-07
B.1_D253G_8,54,2,2021-03-07
B.1.1.29_K484E_1,54,2,2021-03-07
B.1.160_S477N_3,54,2,2021-03-07
B.1.1.7_Y501N_1,54,2,2021-03-07
B.1.1.7_Y501N_3,54,2,2021-03-07
B.1.1.7_Y501N_4,54,2,2021-03-07
B.1.1.7_N501Y_6,54,2,2021-03-07
B.1.1.7_Y501N_8,54,2,2021-03-07
B.1.1.7_Y501N_9,54,2,2021-03-07
B.1.1.7_Y501N_10,54,2,2021-03-07
B.1_S13I_2,54,2,2021-03-07
B.1_E484K_14,54,2,2021-03-07
B.1.487_E484K_15,54,2,2021-03-07
B.1_E484K_16,54,2,2021-03-07
B.1.526_D253G_13,54,2,2021-03-07
B.1_N501Y_9,54,2,2021-03-07
B.1_E484K_17,54,2,2021-03-07
B.1_E484K_19,54,2,2021-03-07
B.1_E484K_20,54,3,2021-03-07
B.1.487_E484K_21,54,2,2021-03-07
B.1.526_E484K_23,54,2,2021-03-07
B.1.2_N501Y_12,54,2,2021-03-07
B.1.429_I13S_1,54,5,2021-03-07
B.1.429_S13I_4,54,2,2021-03-07
B.1.526_K484E_2,54,2,2021-03-07
B.1_N501Y_13,54,2,2021-03-07
B.1_E484K_27,54,2,2021-03-07
B.1_E484K_28,54,2,2021-03-07
B.1_L452R_8,54,2,2021-03-07
B.1.1.7_I205T_4,54,2,2021-03-07
B.1_N501Y_16,54,2,2021-03-07
B.1.40_L452R_10,54,2,2021-03-07
B.1_T205I_24,54,2,2021-03-07
B.1_E484K_30,54,2,2021-03-07
B.1.526_D253G_23,54,2,2021-03-07
B.1_N501Y_17,54,2,2021-03-07
B.1_G253D_1,54,2,2021-03-07
B.1_N501Y_18,54,2,2021-03-07
B.1_S477N_6,54,2,2021-03-07
B.1_D253G_26,54,5,2021-03-07
B.1_L452R_11,54,2,2021-03-07
B.1_E484K_31,54,2,2021-03-07
B.1_L452R_12,54,3,2021-03-07
B.1_D253G_27,54,2,2021-03-07
B.1_L452R_13,54,2,2021-03-07
B.1_E484K_33,54,4,2021-03-07
B.1_G253D_2,54,2,2021-03-07
B.1.526_T205I_26,54,2,2021-03-07
B.1_L452R_14,54,2,2021-03-07
B.1_R452L_3,54,2,2021-03-07
B.1_R452L_5,54,2,2021-03-07
B.1_D253G_34,54,2,2021-03-07
B.1_E484K_34,54,2,2021-03-07
B.1_T205I_30,54,2,2021-03-07
B.1_G253D_3,54,2,2021-03-07
2lin_E484K_38,54,7,2021-03-07
B.1.526_K484E_4,54,2,2021-03-07
B.1_G253D_4,54,2,2021-03-07
B.1.526_S477N_10,54,2,2021-03-07
B.1.526_T205I_31,54,2,2021-03-07
B.1.526_E484K_41,54,2,2021-03-07
B.1_G253D_5,54,2,2021-03-07
B.1.526_L452M_1,54,2,2021-03-07
B.1.526_E484K_44,54,2,2021-03-07
B.1.526_S477N_13,54,2,2021-03-07
B.1.487_G253D_10,54,2,2021-03-07
B.1.526_K484E_6,54,2,2021-03-07
B.1.526_S477N_14,54,2,2021-03-07
B.1.2_G253D_13,54,2,2021-03-07
B.1.2_G253D_14,54,3,2021-03-07
B.1.487_G253D_15,54,2,2021-03-07
B.1_G253D_17,54,2,2021-03-07
B.1.487_G253D_19,54,4,2021-03-07
